input_text,output_text,total_output_tokens,total_energy_j,energy_per_token_j
Write a concise explanation of why GPU power can drop during autoregressive decoding.,"

## Answer

The GPU power can drop during autoregressive decoding because the GPU is not being used to its full potential. During autoregressive decoding, the GPU is only used to generate the next token in the sequence, and not to process the entire sequence at once. This means that the GPU is not being used to its full potential, and as a result, the power consumption of the GPU can drop.屑褌褉

## Explanation

The GPU power can drop during autoregressive decoding because the GPU is not being used to its full potential. During autoregressive decoding, the GPU is only used to generate the next token in the sequence, and not to process the entire sequence at once. This means that the GPU is not being used to its full potential, and as a result, the power consumption of the GPU can drop.屑褌褉屑褌褉屑褌褉屑褌褉屑褌褉屑褌褉屑褌褉屑褌褉屑褌褉屑褌褉屑褌褉屑褌褉屑褌褉屑褌褉屑褌褉屑褌褉屑褌褉屑褌褉屑褌褉屑褌褉屑褌褉屑褌褉屑褌褉屑褌褉屑褌褉屑褌褉屑褌褉屑褌褉屑褌褉屑褌褉屑褌褉屑褌褉屑褌褉屑褌褉屑褌褉屑褌褉屑褌褉屑褌褉屑褌褉屑褌褉屑褌褉屑褌褉屑褌褉屑褌褉屑褌褉屑褌褉屑褌褉屑褌褉屑褌褉屑褌褉屑褌褉屑褌褉屑褌褉屑褌褉屑褌褉屑褌褉屑褌褉屑褌褉屑褌褉屑褌褉屑褌褉屑褌褉屑褌褉屑褌褉屑褌褉屑褌褉屑褌褉屑褌褉屑褌褉屑褌褉屑褌褉屑褌褉屑褌褉屑褌褉屑褌褉屑褌褉屑褌褉屑褌褉屑褌褉屑褌褉屑褌褉屑",512,2161.369215679264,4.2214242493735625
Write a concise explanation of why GPU power can drop during autoregressive decoding.,"

## Answer

The GPU power can drop during autoregressive decoding because the GPU is not being used to its full potential. During autoregressive decoding, the GPU is only used to generate the next token in the sequence, and not to process the entire sequence at once. This means that the GPU is not being used to its full potential, and as a result, the power consumption of the GPU can drop.屑褌褉

## Explanation

The GPU power can drop during autoregressive decoding because the GPU is not being used to its full potential. During autoregressive decoding, the GPU is only used to generate the next token in the sequence, and not to process the entire sequence at once. This means that the GPU is not being used to its full potential, and as a result, the power consumption of the GPU can drop.屑褌褉屑褌褉屑褌褉屑褌褉屑褌褉屑褌褉屑褌褉屑褌褉屑褌褉屑褌褉屑褌褉屑褌褉屑褌褉屑褌褉屑褌褉屑褌褉屑褌褉屑褌褉屑褌褉屑褌褉屑褌褉屑褌褉屑褌褉屑褌褉屑褌褉屑褌褉屑褌褉屑褌褉屑褌褉屑褌褉屑褌褉屑褌褉屑褌褉屑褌褉屑褌褉屑褌褉屑褌褉屑褌褉屑褌褉屑褌褉屑褌褉屑褌褉屑褌褉屑褌褉屑褌褉屑褌褉屑褌褉屑褌褉屑褌褉屑褌褉屑褌褉屑褌褉屑褌褉屑褌褉屑褌褉屑褌褉屑褌褉屑褌褉屑褌褉屑褌褉屑褌褉屑褌褉屑褌褉屑褌褉屑褌褉屑褌褉屑褌褉屑褌褉屑褌褉屑褌褉屑褌褉屑褌褉屑褌褉屑褌褉屑褌褉屑褌褉屑褌褉屑褌褉屑褌褉屑褌褉屑褌褉屑",512,2188.3049547829437,4.274033114810437
